datasynthesis|datafacility|20211001131042|Aabed^E^Aaavile|20000410|M|8229 Albriney Pike^Holtsville^NY^00501^NY|201-691-9097|201-569-3939230-17-8828|61761180
datasynthesis|datafacility|20211001131043|Aabeda^E^A'Belle|20170520|F|1818 S Scouten Ave^Holtsville^NY^00544^NY|202-882-1855|202-569-3939185-79-7126|2553900
datasynthesis|datafacility|20211001131044|Aabedah^E^A'Bodjedi|19340818|F|0182 N Sheffield Way^Adjuntas^PR^00601^PR|203-470-8452|203-569-3939369-45-9287|47559164
datasynthesis|datafacility|20211001131044|Aabeen^E^A'Court|19690924|F|3769 W Riekena Street^Aguada^PR^00602^PR|205-188-5463|205-569-3939744-03-5510|0474369
datasynthesis|datafacility|20211001131044|Aabett^E^A'Court-Zingman|19610211|U|7357 Artemeshia Walk^Aguadilla^PR^00603^PR|206-308-5181|206-569-3939735-05-0859|76629936
datasynthesis|datafacility|20211001131044|Aabha^E^A'Hearn|19360326|F|5721 Draa Place^Aguadilla^PR^00604^PR|207-540-9994|207-569-3939320-28-2782|42373346
datasynthesis|datafacility|20211001131044|Aabhar^E^A'Vant-Colon|19610207|M|9309 Gidette Run^Aguadilla^PR^00605^PR|208-219-7489|208-569-3939846-51-1048|78107622
datasynthesis|datafacility|20211001131044|Aabid^E^A'Vant-Fowler|19920301|M|2898 E Fotheringham Lane^Maricao^PR^00606^PR|209-973-2906|209-569-3939407-96-9689|42275152
datasynthesis|datafacility|20211001131044|Aabidah^E^A-Akert|19560711|F|1261 S Barras Ave^Anasco^PR^00610^PR|210-666-4680|210-569-3939977-23-8810|35262887
datasynthesis|datafacility|20211001131044|Aabir^E^A-Haja|19561122|M|4849 W Hornack Court^Angeles^PR^00611^PR|212-449-7360|212-569-3939996-41-3869|4823069
datasynthesis|datafacility|20211001131044|Aabra^E^A-Rahim|19990224|F|3213 E Quimet Lane^Arecibo^PR^00612^PR|213-643-7953|213-569-3939880-75-7991|24915283
datasynthesis|datafacility|20211001131044|Aabriella^E^Aa'Yhona|19440416|F|6801 Porsheia Walk^Arecibo^PR^00613^PR|214-986-7752|214-569-3939389-20-3004|02943951
datasynthesis|datafacility|20211001131044|Aabu^E^Aab|19370423|M|0390 N Bg-alissa Way^Arecibo^PR^00614^PR|215-316-8600|215-569-3939212-64-6560|67165202
datasynthesis|datafacility|20211001131044|Aachal^E^Aabel|19600820|F|8752 Kauan Pike^Bajadero^PR^00616^PR|216-555-4120|216-569-3939725-13-4591|2074807
datasynthesis|datafacility|20211001131044|Aada^E^Aaberg|19640201|F|2341 S Houff Lane^Barceloneta^PR^00617^PR|217-477-2304|217-569-3939273-78-8938|0980018
datasynthesis|datafacility|20211001131044|Aadam^E^Aabida|19740510|M|5929 Annique Place^Boqueron^PR^00622^PR|218-747-1362|218-569-3939647-33-6490|6493557
datasynthesis|datafacility|20211001131044|Aadan^E^Aabo|19491117|M|4293 W Kah Street^Cabo Rojo^PR^00623^PR|219-871-1132|219-569-3939963-36-8057|4333304
datasynthesis|datafacility|20211001131044|Aadarsh^E^Aaboe|19730715|U|7881 Sylphanie Pike^Penuelas^PR^00624^PR|220-585-1751|220-569-3939060-03-3895|70337782
datasynthesis|datafacility|20211001131044|Aadaya^E^Aaby|20090203|F|6244 Shyenne Place^Camuy^PR^00627^PR|224-419-7179|224-569-3939153-82-1993|17207158
datasynthesis|datafacility|20211001131044|Aadee^E^Aach|19570923|F|9832 Jakya Run^Castaner^PR^00631^PR|225-832-3165|225-569-3939913-21-5635|52851422
datasynthesis|datafacility|20211001131044|Aadel^E^Aachen-Winans|19580921|M|3421 E Tarangelo Street^Rosario^PR^00636^PR|228-460-1213|228-569-3939831-37-0423|72698413
datasynthesis|datafacility|20211001131044|Aaden^E^Aachi|20050818|M|1785 S Lundholm Ave^Sabana Grande^PR^00637^PR|229-365-5444|229-569-3939542-86-2742|6938417
datasynthesis|datafacility|20211001131044|Aadesh^E^Aadalen|20140326|M|5373 Overkamp Court^Ciales^PR^00638^PR|231-212-3215|231-569-3939752-35-8522|73665117
datasynthesis|datafacility|20211001131044|Aadhar^E^Aadam|20051228|U|8960 Nakeidra Run^Utuado^PR^00641^PR|234-901-3243|234-569-3939785-11-6404|73842332
datasynthesis|datafacility|20211001131044|Aadhav^E^Aaden|19400114|M|7324 Shannera Walk^Dorado^PR^00646^PR|239-326-6641|239-569-3939622-13-3839|68001341
datasynthesis|datafacility|20211001131044|Aadhavan^E^Aadhya|19840402|M|0913 N Southwick Way^Ensenada^PR^00647^PR|240-634-5956|240-569-3939646-14-1802|79463906
datasynthesis|datafacility|20211001131044|Aadhavi^E^Aadil|20171006|U|9276 Trovonda Run^Florida^PR^00650^PR|248-734-9185|248-569-3939076-33-8949|2068122
datasynthesis|datafacility|20211001131044|Aadhi^E^Aaditya|19360130|M|2865 E Kupka Lane^Garrochales^PR^00652^PR|251-793-5782|251-569-3939232-04-0468|5305895
datasynthesis|datafacility|20211001131044|Aadhira^E^Aadland|19480417|F|6452 Pasty Place^Guanica^PR^00653^PR|252-905-1587|252-569-3939581-82-7233|16666160
datasynthesis|datafacility|20211001131044|Aadhiran^E^Aadland-Lassandro|19630306|M|4816 W Kleinwolterin Court^Guayanilla^PR^00656^PR|253-331-6671|253-569-3939410-24-3697|43948076
datasynthesis|datafacility|20211001131044|Aadhvik^E^Aadnes|19701017|M|8404 Camrii Pike^Hatillo^PR^00659^PR|254-852-4842|254-569-3939102-30-4348|7452704
datasynthesis|datafacility|20211001131044|Aadhvika^E^Aadvik|20160128|F|1993 S Neeson Ave^Hormigueros^PR^00660^PR|256-607-1950|256-569-3939093-89-7540|30532014
datasynthesis|datafacility|20211001131044|Aadhya^E^Aaen|20110716|F|0357 N Ariel Way^Isabela^PR^00662^PR|260-375-2122|260-569-3939417-73-9202|92763719
datasynthesis|datafacility|20211001131044|Aadhyan^E^Aaenson|19720706|M|3944 W Elger Street^Jayuya^PR^00664^PR|262-682-6349|262-569-3939620-89-9833|1938489
datasynthesis|datafacility|20211001131044|Aadhyareddy^E^Aaf|19720528|F|2308 S Rajan Lane^Lajas^PR^00667^PR|267-111-9701|267-569-3939797-18-2513|05259304
datasynthesis|datafacility|20211001131044|Aadhyasri^E^Aafedt|19860517|F|5896 Andina Place^Lares^PR^00669^PR|269-997-3586|269-569-3939166-44-9027|8329864
datasynthesis|datafacility|20211001131044|Aadi^E^Aaflaq|19360428|M|9484 Bg-venezia Run^Las Marias^PR^00670^PR|270-588-7851|270-569-3939006-51-6885|80978010
datasynthesis|datafacility|20211001131044|Aadia^E^Aafreen|19840420|F|7847 Zaine Pike^Manati^PR^00674^PR|272-658-1982|272-569-3939020-84-8768|77691788
datasynthesis|datafacility|20211001131044|Aadiah^E^Aaga|19950811|F|1436 S Masuda Ave^Moca^PR^00676^PR|276-385-6669|276-569-3939668-60-3401|77107476
datasynthesis|datafacility|20211001131044|Aadian^E^Aagaard|20170830|M|5024 Breihan Court^Rincon^PR^00677^PR|281-486-4596|281-569-3939995-96-0438|3638146
datasynthesis|datafacility|20211001131044|Aadien^E^Aagaard-Tillery|19890607|M|3388 E Zar Street^Quebradillas^PR^00678^PR|301-130-8811|301-569-3939551-34-1109|45780324
datasynthesis|datafacility|20211001131044|Aadik^E^Aagard|19630227|M|6976 Zhi Walk^Mayaguez^PR^00680^PR|302-685-1489|302-569-3939483-68-8105|6677799
datasynthesis|datafacility|20211001131044|Aadil^E^Aagenas|19780924|M|5339 Poort Court^Mayaguez^PR^00681^PR|303-595-7192|303-569-3939206-53-2284|58811620
datasynthesis|datafacility|20211001131044|Aadila^E^Aagenes|19780708|F|8927 Deserria Run^Mayaguez^PR^00682^PR|304-146-3584|304-569-3939630-23-4035|9569180
datasynthesis|datafacility|20211001131044|Aadilah^E^Aagesen|20160723|F|2516 E Suby Lane^San German^PR^00683^PR|305-474-1518|305-569-3939260-46-4358|62003355
datasynthesis|datafacility|20211001131044|Aadilyn^E^Aagesen-Reznecheck|19370728|F|0880 N Eccles Way^San Sebastian^PR^00685^PR|307-617-7822|307-569-3939911-44-8551|7257504
datasynthesis|datafacility|20211001131044|Aadilynn^E^Aageson|19350427|F|4468 W Bassani Court^Morovis^PR^00687^PR|308-933-9082|308-569-3939795-42-3821|1940202
datasynthesis|datafacility|20211001131044|Aadin^E^Aahil|19680515|M|8055 Makendra Pike^Sabana Hoyos^PR^00688^PR|309-309-7431|309-569-3939820-40-7285|65993442
datasynthesis|datafacility|20211001131044|Aadinath^E^Aahl|19860524|M|0008 N Neeley Way^San Antonio^PR^00690^PR|310-935-2933|310-569-3939681-09-4590|8468766
datasynthesis|datafacility|20211001131044|Aadipya^E^Aahlad|19540326|M|8371 Jawon Pike^Vega Alta^PR^00692^PR|312-345-3216|312-569-3939558-42-2937|02585869
datasynthesis|datafacility|20211001131044|Aadiraj^E^Aahrens|19470627|M|1960 S Darner Ave^Vega Baja^PR^00693^PR|313-847-8893|313-569-3939414-42-7699|6071187
datasynthesis|datafacility|20211001131044|Aadis^E^Aaiden|19501028|M|5547 Khazdozian Court^Vega Baja^PR^00694^PR|314-300-6514|314-569-3939876-07-5525|57176383
datasynthesis|datafacility|20211001131044|Aadish^E^Aailaboyina|19930409|M|3911 W Gruca Street^Yauco^PR^00698^PR|315-260-4256|315-569-3939872-32-4934|5016154
datasynthesis|datafacility|20211001131044|Aadisht^E^Aaisha|19800719|M|7499 Leimauna Walk^Aguas Buenas^PR^00703^PR|316-948-5018|316-569-3939441-96-9083|9028737
datasynthesis|datafacility|20211001131044|Aadisiva^E^Aakalu|20140623|M|1088 N Bushong Way^Aguirre^PR^00704^PR|317-941-5425|317-569-3939674-38-2785|91989112
datasynthesis|datafacility|20211001131044|Aadison^E^Aakanksha|19890821|F|1088 Candence Way^Aibonito^PR^00705^PR|318-738-2846|318-569-3939285-76-3832|5630589
datasynthesis|datafacility|20211001131044|Aadisyn^E^Aakash|20110904|F|9451 Candence Run^Maunabo^PR^00707^PR|319-114-7686|319-569-3939441-75-1644|12404960
datasynthesis|datafacility|20211001131044|Aadit^E^Aaker|19691209|M|3039 E Magsamen Lane^Arroyo^PR^00714^PR|320-934-5524|320-569-3939485-20-5449|39256104
datasynthesis|datafacility|20211001131044|Aadith^E^Aakervik|19370301|M|1403 S Strine Ave^Mercedita^PR^00715^PR|321-685-8213|321-569-3939662-73-9382|46605744
datasynthesis|datafacility|20211001131044|Aadithiya^E^Aakhus|19960922|M|4991 W Cinkan Court^Ponce^PR^00716^PR|323-772-7505|323-569-3939382-80-6022|75909311
datasynthesis|datafacility|20211001131044|Aadithri^E^Aakjar|19490415|F|8579 Babubhi Pike^Ponce^PR^00717^PR|325-554-3502|325-569-3939352-65-1055|7907695
datasynthesis|datafacility|20211001131044|Aadithya^E^Aakre|20130502|M|6943 Keyetta Walk^Naguabo^PR^00718^PR|330-141-2982|330-569-3939934-22-8074|60857343
datasynthesis|datafacility|20211001131044|Aadithyaa^E^Aal|19611024|M|0531 N Emanza Way^Naranjito^PR^00719^PR|331-730-2740|331-569-3939633-38-3868|00128994
datasynthesis|datafacility|20211001131044|Aaditi^E^Aala|20020509|F|4119 W Simpton Street^Orocovis^PR^00720^PR|332-629-4567|332-569-3939883-04-1209|0072703
datasynthesis|datafacility|20211001131044|Aaditiya^E^Aalaei|19860624|M|2483 S Caterina Lane^Palmer^PR^00721^PR|334-686-9853|334-569-3939362-36-4562|4695771
datasynthesis|datafacility|20211001131044|Aaditri^E^Aalaei-Andabili|19590627|F|6071 Jaymes Place^Patillas^PR^00723^PR|336-260-3675|336-569-3939474-15-0284|67620189
datasynthesis|datafacility|20211001131044|Aaditya^E^Aalai|19921223|M|4435 W Bumps Street^Caguas^PR^00725^PR|337-455-2960|337-569-3939450-40-3230|03555480
datasynthesis|datafacility|20211001131044|Aadiv^E^Aalaiyah|19420516|M|8022 Bb-hayli Pike^Caguas^PR^00726^PR|339-339-3312|339-569-3939076-12-6671|45201946
datasynthesis|datafacility|20211001131044|Aadiyah^E^Aalam|19970915|F|1611 S Nish Ave^Caguas^PR^00727^PR|346-643-9128|346-569-3939130-92-2213|1900174
datasynthesis|datafacility|20211001131044|Aadiyan^E^Aalami|19870215|M|9974 Bg-briana Run^Ponce^PR^00728^PR|347-301-6147|347-569-3939225-22-3384|96568453
datasynthesis|datafacility|20211001131045|Aadiyatou^E^Aalami-Harandi|20101217|F|3563 E Highers Street^Canovanas^PR^00729^PR|351-615-4878|351-569-3939614-49-5130|87176101
datasynthesis|datafacility|20211001131045|Aadley^E^Aalampour|19790508|F|7150 Bg-luciana Walk^Ponce^PR^00730^PR|352-165-4943|352-569-3939891-09-3120|9317823
datasynthesis|datafacility|20211001131045|Aadlin^E^Aalan|19430104|M|5514 Kuypers Court^Ponce^PR^00731^PR|360-241-9007|360-569-3939803-74-1599|36461971
datasynthesis|datafacility|20211001131045|Aadline^E^Aaland|19920425|F|9102 Dalise Run^Ponce^PR^00732^PR|361-157-1082|361-569-3939471-65-3755|4725582
datasynthesis|datafacility|20211001131045|Aadolf^E^Aaland-Parrish|20090210|M|7466 Denalynae Walk^Ponce^PR^00733^PR|364-646-4844|364-569-3939996-56-7179|10384391
datasynthesis|datafacility|20211001131045|Aadon^E^Aalayah|20021015|M|1055 N Krum Way^Ponce^PR^00734^PR|380-528-3479|380-569-3939044-13-8452|60836682
datasynthesis|datafacility|20211001131045|Aadonis^E^Aalayiah|19740923|M|4642 W Rodregues Court^Ceiba^PR^00735^PR|385-145-5248|385-569-3939089-19-5842|27458127
datasynthesis|datafacility|20211001131045|Aadore^E^Aalberg|19420124|F|3006 E Pokorney Lane^Cayey^PR^00736^PR|386-937-4173|386-569-3939910-93-4052|83623764
datasynthesis|datafacility|20211001131045|Aadorianna^E^Aalbers|20170226|F|6594 Ajisha Place^Cayey^PR^00737^PR|401-846-3147|401-569-3939280-28-5308|26455438
datasynthesis|datafacility|20211001131045|Aadrean^E^Aalborg-Glenn|20150320|M|0183 N Keen Way^Fajardo^PR^00738^PR|402-944-4976|402-569-3939438-80-2867|91715554
datasynthesis|datafacility|20211001131045|Aadreana^E^Aalbu|19810919|F|8546 Michaellynna Pike^Cidra^PR^00739^PR|404-132-5294|404-569-3939586-41-1689|2704418
datasynthesis|datafacility|20211001131045|Aadreaz^E^Aaldenberg|19511111|M|2134 S Pfohl Ave^Puerto Real^PR^00740^PR|405-670-1140|405-569-3939049-27-5488|7231744
datasynthesis|datafacility|20211001131045|Aadri^E^Aalderink|19970104|F|0498 N Derny Way^Punta Santiago^PR^00741^PR|406-781-6213|406-569-3939608-47-2656|57671506
datasynthesis|datafacility|20211001131045|Aadrian^E^Aalders|19790314|M|4086 W Thyne Street^Roosevelt Roads^PR^00742^PR|407-354-1189|407-569-3939145-67-4065|0519907
datasynthesis|datafacility|20211001131045|Aadriana^E^Aalem|19990119|F|7674 Eulamy Walk^Rio Blanco^PR^00744^PR|408-956-3974|408-569-3939868-97-7446|59546110
datasynthesis|datafacility|20211001131045|Aadriane^E^Aalexcia|20080308|M|6038 Fredricka Place^Rio Grande^PR^00745^PR|409-997-6934|409-569-3939947-08-5591|02310658
datasynthesis|datafacility|20211001131045|Aadrianna^E^Aalexus|19471228|F|9625 Shantall Run^Salinas^PR^00751^PR|410-240-2152|410-569-3939949-09-8060|3946339
datasynthesis|datafacility|20211001131045|Aadriel^E^Aalfs|19330212|F|3214 E Pyon Lane^San Lorenzo^PR^00754^PR|412-869-2562|412-569-3939376-14-0268|13215155
datasynthesis|datafacility|20211001131045|Aadrien^E^Aalgaard|19971028|M|1578 S Myerson Ave^Santa Isabel^PR^00757^PR|413-376-6785|413-569-3939754-70-5579|6453480
datasynthesis|datafacility|20211001131045|Aadrika^E^Aaliiveli|19970709|F|5166 Trzaska Court^Vieques^PR^00765^PR|414-220-3185|414-569-3939108-61-8136|8839181
datasynthesis|datafacility|20211001131045|Aadrina^E^Aaliyah|19590222|F|3530 E Larubbio Street^Villalba^PR^00766^PR|415-232-2970|415-569-3939781-37-9341|3730015
datasynthesis|datafacility|20211001131045|Aadrit^E^Aaliyahnicole|19740218|M|7117 Linconia Walk^Yabucoa^PR^00767^PR|417-958-1256|417-569-3939873-88-2430|47703746
datasynthesis|datafacility|20211001131045|Aadrita^E^Aaliyahr|19530906|F|0706 N Mcclinton Way^Coamo^PR^00769^PR|419-451-9758|419-569-3939207-94-2889|44713759
datasynthesis|datafacility|20211001131045|Aadrith^E^Aaliz|20150122|M|9069 Anestino Run^Las Piedras^PR^00771^PR|423-443-7465|423-569-3939169-44-6525|75948610
datasynthesis|datafacility|20211001131045|Aadriti^E^Aalliya|19661217|F|2658 E Semenec Lane^Loiza^PR^00772^PR|424-976-7901|424-569-3939580-94-5170|2941497
datasynthesis|datafacility|20211001131045|Aadriyanda^E^Aalona|19610402|F|6245 Kreston Place^Luquillo^PR^00773^PR|425-187-9810|425-569-3939178-05-9533|91704154
datasynthesis|datafacility|20211001131045|Aadron^E^Aalsburg|19450224|M|4609 W Seide Court^Culebra^PR^00775^PR|430-366-8490|430-569-3939660-33-1962|3302253
datasynthesis|datafacility|20211001131045|Aadronek^E^Aalsma|19921008|F|8197 Hugens Pike^Juncos^PR^00777^PR|432-272-8037|432-569-3939971-49-7197|7321552
datasynthesis|datafacility|20211001131045|Aadryan^E^Aalto|19930717|M|6561 Danshawn Place^Gurabo^PR^00778^PR|434-720-2623|434-569-3939481-21-2724|33855010
datasynthesis|datafacility|20211001131045|Aadvi^E^Aalto-Fischer|19500604|F|0150 N Deluca Way^Coto Laurel^PR^00780^PR|435-569-3939|435-569-3939142-30-5646|93609294
datasynthesis|datafacility|20211001131031|Aabed^Y^Aaavile|20000410|M|8229 Albriney Pike^Holtsville^NY^00501^NY|201-691-9097|201-451-9758230-17-8828|61761180
datasynthesis|datafacility|20211001131031|Aabeda^Y^A'Belle|20170520|F|1818 S Scouten Ave^Holtsville^NY^00544^NY|202-882-1855|202-451-9758185-79-7126|2553900
datasynthesis|datafacility|20211001131031|Aabedah^Y^A'Bodjedi|19340818|F|0182 N Sheffield Way^Adjuntas^PR^00601^PR|203-470-8452|203-451-9758369-45-9287|47559164
datasynthesis|datafacility|20211001131031|Aabeen^Y^A'Court|19690924|F|3769 W Riekena Street^Aguada^PR^00602^PR|205-188-5463|205-451-9758744-03-5510|0474369
datasynthesis|datafacility|20211001131031|Aabett^Y^A'Court-Zingman|19610211|U|7357 Artemeshia Walk^Aguadilla^PR^00603^PR|206-308-5181|206-451-9758735-05-0859|76629936
datasynthesis|datafacility|20211001131031|Aabha^Y^A'Hearn|19360326|F|5721 Draa Place^Aguadilla^PR^00604^PR|207-540-9994|207-451-9758320-28-2782|42373346
datasynthesis|datafacility|20211001131031|Aabhar^Y^A'Vant-Colon|19610207|M|9309 Gidette Run^Aguadilla^PR^00605^PR|208-219-7489|208-451-9758846-51-1048|78107622
datasynthesis|datafacility|20211001131031|Aabid^Y^A'Vant-Fowler|19920301|M|2898 E Fotheringham Lane^Maricao^PR^00606^PR|209-973-2906|209-451-9758407-96-9689|42275152
datasynthesis|datafacility|20211001131031|Aabidah^Y^A-Akert|19560711|F|1261 S Barras Ave^Anasco^PR^00610^PR|210-666-4680|210-451-9758977-23-8810|35262887
datasynthesis|datafacility|20211001131031|Aabir^Y^A-Haja|19561122|M|4849 W Hornack Court^Angeles^PR^00611^PR|212-449-7360|212-451-9758996-41-3869|4823069
datasynthesis|datafacility|20211001131031|Aabra^Y^A-Rahim|19990224|F|3213 E Quimet Lane^Arecibo^PR^00612^PR|213-643-7953|213-451-9758880-75-7991|24915283
datasynthesis|datafacility|20211001131031|Aabriella^Y^Aa'Yhona|19440416|F|6801 Porsheia Walk^Arecibo^PR^00613^PR|214-986-7752|214-451-9758389-20-3004|02943951
datasynthesis|datafacility|20211001131031|Aabu^Y^Aab|19370423|M|0390 N Bg-alissa Way^Arecibo^PR^00614^PR|215-316-8600|215-451-9758212-64-6560|67165202
datasynthesis|datafacility|20211001131031|Aachal^Y^Aabel|19600820|F|8752 Kauan Pike^Bajadero^PR^00616^PR|216-555-4120|216-451-9758725-13-4591|2074807
datasynthesis|datafacility|20211001131031|Aada^Y^Aaberg|19640201|F|2341 S Houff Lane^Barceloneta^PR^00617^PR|217-477-2304|217-451-9758273-78-8938|0980018
datasynthesis|datafacility|20211001131031|Aadam^Y^Aabida|19740510|M|5929 Annique Place^Boqueron^PR^00622^PR|218-747-1362|218-451-9758647-33-6490|6493557
datasynthesis|datafacility|20211001131031|Aadan^Y^Aabo|19491117|M|4293 W Kah Street^Cabo Rojo^PR^00623^PR|219-871-1132|219-451-9758963-36-8057|4333304
datasynthesis|datafacility|20211001131031|Aadarsh^Y^Aaboe|19730715|U|7881 Sylphanie Pike^Penuelas^PR^00624^PR|220-585-1751|220-451-9758060-03-3895|70337782
datasynthesis|datafacility|20211001131031|Aadaya^Y^Aaby|20090203|F|6244 Shyenne Place^Camuy^PR^00627^PR|224-419-7179|224-451-9758153-82-1993|17207158
datasynthesis|datafacility|20211001131031|Aadee^Y^Aach|19570923|F|9832 Jakya Run^Castaner^PR^00631^PR|225-832-3165|225-451-9758913-21-5635|52851422
datasynthesis|datafacility|20211001131031|Aadel^Y^Aachen-Winans|19580921|M|3421 E Tarangelo Street^Rosario^PR^00636^PR|228-460-1213|228-451-9758831-37-0423|72698413
datasynthesis|datafacility|20211001131031|Aaden^Y^Aachi|20050818|M|1785 S Lundholm Ave^Sabana Grande^PR^00637^PR|229-365-5444|229-451-9758542-86-2742|6938417
datasynthesis|datafacility|20211001131031|Aadesh^Y^Aadalen|20140326|M|5373 Overkamp Court^Ciales^PR^00638^PR|231-212-3215|231-451-9758752-35-8522|73665117
datasynthesis|datafacility|20211001131031|Aadhar^Y^Aadam|20051228|U|8960 Nakeidra Run^Utuado^PR^00641^PR|234-901-3243|234-451-9758785-11-6404|73842332
datasynthesis|datafacility|20211001131031|Aadhav^Y^Aaden|19400114|M|7324 Shannera Walk^Dorado^PR^00646^PR|239-326-6641|239-451-9758622-13-3839|68001341
datasynthesis|datafacility|20211001131031|Aadhavan^Y^Aadhya|19840402|M|0913 N Southwick Way^Ensenada^PR^00647^PR|240-634-5956|240-451-9758646-14-1802|79463906
datasynthesis|datafacility|20211001131031|Aadhavi^Y^Aadil|20171006|U|9276 Trovonda Run^Florida^PR^00650^PR|248-734-9185|248-451-9758076-33-8949|2068122
datasynthesis|datafacility|20211001131031|Aadhi^Y^Aaditya|19360130|M|2865 E Kupka Lane^Garrochales^PR^00652^PR|251-793-5782|251-451-9758232-04-0468|5305895
datasynthesis|datafacility|20211001131031|Aadhira^Y^Aadland|19480417|F|6452 Pasty Place^Guanica^PR^00653^PR|252-905-1587|252-451-9758581-82-7233|16666160
datasynthesis|datafacility|20211001131031|Aadhiran^Y^Aadland-Lassandro|19630306|M|4816 W Kleinwolterin Court^Guayanilla^PR^00656^PR|253-331-6671|253-451-9758410-24-3697|43948076
datasynthesis|datafacility|20211001131031|Aadhvik^Y^Aadnes|19701017|M|8404 Camrii Pike^Hatillo^PR^00659^PR|254-852-4842|254-451-9758102-30-4348|7452704
datasynthesis|datafacility|20211001131031|Aadhvika^Y^Aadvik|20160128|F|1993 S Neeson Ave^Hormigueros^PR^00660^PR|256-607-1950|256-451-9758093-89-7540|30532014
datasynthesis|datafacility|20211001131031|Aadhya^Y^Aaen|20110716|F|0357 N Ariel Way^Isabela^PR^00662^PR|260-375-2122|260-451-9758417-73-9202|92763719
datasynthesis|datafacility|20211001131031|Aadhyan^Y^Aaenson|19720706|M|3944 W Elger Street^Jayuya^PR^00664^PR|262-682-6349|262-451-9758620-89-9833|1938489
datasynthesis|datafacility|20211001131031|Aadhyareddy^Y^Aaf|19720528|F|2308 S Rajan Lane^Lajas^PR^00667^PR|267-111-9701|267-451-9758797-18-2513|05259304
datasynthesis|datafacility|20211001131031|Aadhyasri^Y^Aafedt|19860517|F|5896 Andina Place^Lares^PR^00669^PR|269-997-3586|269-451-9758166-44-9027|8329864
datasynthesis|datafacility|20211001131031|Aadi^Y^Aaflaq|19360428|M|9484 Bg-venezia Run^Las Marias^PR^00670^PR|270-588-7851|270-451-9758006-51-6885|80978010
datasynthesis|datafacility|20211001131031|Aadia^Y^Aafreen|19840420|F|7847 Zaine Pike^Manati^PR^00674^PR|272-658-1982|272-451-9758020-84-8768|77691788
datasynthesis|datafacility|20211001131031|Aadiah^Y^Aaga|19950811|F|1436 S Masuda Ave^Moca^PR^00676^PR|276-385-6669|276-451-9758668-60-3401|77107476
datasynthesis|datafacility|20211001131031|Aadian^Y^Aagaard|20170830|M|5024 Breihan Court^Rincon^PR^00677^PR|281-486-4596|281-451-9758995-96-0438|3638146
datasynthesis|datafacility|20211001131031|Aadien^Y^Aagaard-Tillery|19890607|M|3388 E Zar Street^Quebradillas^PR^00678^PR|301-130-8811|301-451-9758551-34-1109|45780324
datasynthesis|datafacility|20211001131031|Aadik^Y^Aagard|19630227|M|6976 Zhi Walk^Mayaguez^PR^00680^PR|302-685-1489|302-451-9758483-68-8105|6677799
datasynthesis|datafacility|20211001131031|Aadil^Y^Aagenas|19780924|M|5339 Poort Court^Mayaguez^PR^00681^PR|303-595-7192|303-451-9758206-53-2284|58811620
datasynthesis|datafacility|20211001131031|Aadila^Y^Aagenes|19780708|F|8927 Deserria Run^Mayaguez^PR^00682^PR|304-146-3584|304-451-9758630-23-4035|9569180
datasynthesis|datafacility|20211001131031|Aadilah^Y^Aagesen|20160723|F|2516 E Suby Lane^San German^PR^00683^PR|305-474-1518|305-451-9758260-46-4358|62003355
datasynthesis|datafacility|20211001131031|Aadilyn^Y^Aagesen-Reznecheck|19370728|F|0880 N Eccles Way^San Sebastian^PR^00685^PR|307-617-7822|307-451-9758911-44-8551|7257504
datasynthesis|datafacility|20211001131031|Aadilynn^Y^Aageson|19350427|F|4468 W Bassani Court^Morovis^PR^00687^PR|308-933-9082|308-451-9758795-42-3821|1940202
datasynthesis|datafacility|20211001131031|Aadin^Y^Aahil|19680515|M|8055 Makendra Pike^Sabana Hoyos^PR^00688^PR|309-309-7431|309-451-9758820-40-7285|65993442
datasynthesis|datafacility|20211001131031|Aadinath^Y^Aahl|19860524|M|0008 N Neeley Way^San Antonio^PR^00690^PR|310-935-2933|310-451-9758681-09-4590|8468766
datasynthesis|datafacility|20211001131031|Aadipya^Y^Aahlad|19540326|M|8371 Jawon Pike^Vega Alta^PR^00692^PR|312-345-3216|312-451-9758558-42-2937|02585869
datasynthesis|datafacility|20211001131031|Aadiraj^Y^Aahrens|19470627|M|1960 S Darner Ave^Vega Baja^PR^00693^PR|313-847-8893|313-451-9758414-42-7699|6071187
datasynthesis|datafacility|20211001131031|Aadis^Y^Aaiden|19501028|M|5547 Khazdozian Court^Vega Baja^PR^00694^PR|314-300-6514|314-451-9758876-07-5525|57176383
datasynthesis|datafacility|20211001131031|Aadish^Y^Aailaboyina|19930409|M|3911 W Gruca Street^Yauco^PR^00698^PR|315-260-4256|315-451-9758872-32-4934|5016154
datasynthesis|datafacility|20211001131031|Aadisht^Y^Aaisha|19800719|M|7499 Leimauna Walk^Aguas Buenas^PR^00703^PR|316-948-5018|316-451-9758441-96-9083|9028737
datasynthesis|datafacility|20211001131031|Aadisiva^Y^Aakalu|20140623|M|1088 N Bushong Way^Aguirre^PR^00704^PR|317-941-5425|317-451-9758674-38-2785|91989112
datasynthesis|datafacility|20211001131031|Aadison^Y^Aakanksha|19890821|F|1088 Candence Way^Aibonito^PR^00705^PR|318-738-2846|318-451-9758285-76-3832|5630589
datasynthesis|datafacility|20211001131031|Aadisyn^Y^Aakash|20110904|F|9451 Candence Run^Maunabo^PR^00707^PR|319-114-7686|319-451-9758441-75-1644|12404960
datasynthesis|datafacility|20211001131031|Aadit^Y^Aaker|19691209|M|3039 E Magsamen Lane^Arroyo^PR^00714^PR|320-934-5524|320-451-9758485-20-5449|39256104
datasynthesis|datafacility|20211001131031|Aadith^Y^Aakervik|19370301|M|1403 S Strine Ave^Mercedita^PR^00715^PR|321-685-8213|321-451-9758662-73-9382|46605744
datasynthesis|datafacility|20211001131031|Aadithiya^Y^Aakhus|19960922|M|4991 W Cinkan Court^Ponce^PR^00716^PR|323-772-7505|323-451-9758382-80-6022|75909311
datasynthesis|datafacility|20211001131031|Aadithri^Y^Aakjar|19490415|F|8579 Babubhi Pike^Ponce^PR^00717^PR|325-554-3502|325-451-9758352-65-1055|7907695
datasynthesis|datafacility|20211001131031|Aadithya^Y^Aakre|20130502|M|6943 Keyetta Walk^Naguabo^PR^00718^PR|330-141-2982|330-451-9758934-22-8074|60857343
datasynthesis|datafacility|20211001131031|Aadithyaa^Y^Aal|19611024|M|0531 N Emanza Way^Naranjito^PR^00719^PR|331-730-2740|331-451-9758633-38-3868|00128994
datasynthesis|datafacility|20211001131031|Aaditi^Y^Aala|20020509|F|4119 W Simpton Street^Orocovis^PR^00720^PR|332-629-4567|332-451-9758883-04-1209|0072703
datasynthesis|datafacility|20211001131031|Aaditiya^Y^Aalaei|19860624|M|2483 S Caterina Lane^Palmer^PR^00721^PR|334-686-9853|334-451-9758362-36-4562|4695771
datasynthesis|datafacility|20211001131031|Aaditri^Y^Aalaei-Andabili|19590627|F|6071 Jaymes Place^Patillas^PR^00723^PR|336-260-3675|336-451-9758474-15-0284|67620189
datasynthesis|datafacility|20211001131031|Aaditya^Y^Aalai|19921223|M|4435 W Bumps Street^Caguas^PR^00725^PR|337-455-2960|337-451-9758450-40-3230|03555480
datasynthesis|datafacility|20211001131031|Aadiv^Y^Aalaiyah|19420516|M|8022 Bb-hayli Pike^Caguas^PR^00726^PR|339-339-3312|339-451-9758076-12-6671|45201946
datasynthesis|datafacility|20211001131031|Aadiyah^Y^Aalam|19970915|F|1611 S Nish Ave^Caguas^PR^00727^PR|346-643-9128|346-451-9758130-92-2213|1900174
datasynthesis|datafacility|20211001131031|Aadiyan^Y^Aalami|19870215|M|9974 Bg-briana Run^Ponce^PR^00728^PR|347-301-6147|347-451-9758225-22-3384|96568453
datasynthesis|datafacility|20211001131031|Aadiyatou^Y^Aalami-Harandi|20101217|F|3563 E Highers Street^Canovanas^PR^00729^PR|351-615-4878|351-451-9758614-49-5130|87176101
datasynthesis|datafacility|20211001131031|Aadley^Y^Aalampour|19790508|F|7150 Bg-luciana Walk^Ponce^PR^00730^PR|352-165-4943|352-451-9758891-09-3120|9317823
datasynthesis|datafacility|20211001131031|Aadlin^Y^Aalan|19430104|M|5514 Kuypers Court^Ponce^PR^00731^PR|360-241-9007|360-451-9758803-74-1599|36461971
datasynthesis|datafacility|20211001131031|Aadline^Y^Aaland|19920425|F|9102 Dalise Run^Ponce^PR^00732^PR|361-157-1082|361-451-9758471-65-3755|4725582
datasynthesis|datafacility|20211001131031|Aadolf^Y^Aaland-Parrish|20090210|M|7466 Denalynae Walk^Ponce^PR^00733^PR|364-646-4844|364-451-9758996-56-7179|10384391
datasynthesis|datafacility|20211001131031|Aadon^Y^Aalayah|20021015|M|1055 N Krum Way^Ponce^PR^00734^PR|380-528-3479|380-451-9758044-13-8452|60836682
datasynthesis|datafacility|20211001131031|Aadonis^Y^Aalayiah|19740923|M|4642 W Rodregues Court^Ceiba^PR^00735^PR|385-145-5248|385-451-9758089-19-5842|27458127
datasynthesis|datafacility|20211001131031|Aadore^Y^Aalberg|19420124|F|3006 E Pokorney Lane^Cayey^PR^00736^PR|386-937-4173|386-451-9758910-93-4052|83623764
datasynthesis|datafacility|20211001131031|Aadorianna^Y^Aalbers|20170226|F|6594 Ajisha Place^Cayey^PR^00737^PR|401-846-3147|401-451-9758280-28-5308|26455438
datasynthesis|datafacility|20211001131031|Aadrean^Y^Aalborg-Glenn|20150320|M|0183 N Keen Way^Fajardo^PR^00738^PR|402-944-4976|402-451-9758438-80-2867|91715554
datasynthesis|datafacility|20211001131031|Aadreana^Y^Aalbu|19810919|F|8546 Michaellynna Pike^Cidra^PR^00739^PR|404-132-5294|404-451-9758586-41-1689|2704418
datasynthesis|datafacility|20211001131031|Aadreaz^Y^Aaldenberg|19511111|M|2134 S Pfohl Ave^Puerto Real^PR^00740^PR|405-670-1140|405-451-9758049-27-5488|7231744
datasynthesis|datafacility|20211001131031|Aadri^Y^Aalderink|19970104|F|0498 N Derny Way^Punta Santiago^PR^00741^PR|406-781-6213|406-451-9758608-47-2656|57671506
datasynthesis|datafacility|20211001131031|Aadrian^Y^Aalders|19790314|M|4086 W Thyne Street^Roosevelt Roads^PR^00742^PR|407-354-1189|407-451-9758145-67-4065|0519907
datasynthesis|datafacility|20211001131031|Aadriana^Y^Aalem|19990119|F|7674 Eulamy Walk^Rio Blanco^PR^00744^PR|408-956-3974|408-451-9758868-97-7446|59546110
datasynthesis|datafacility|20211001131031|Aadriane^Y^Aalexcia|20080308|M|6038 Fredricka Place^Rio Grande^PR^00745^PR|409-997-6934|409-451-9758947-08-5591|02310658
datasynthesis|datafacility|20211001131031|Aadrianna^Y^Aalexus|19471228|F|9625 Shantall Run^Salinas^PR^00751^PR|410-240-2152|410-451-9758949-09-8060|3946339
datasynthesis|datafacility|20211001131031|Aadriel^Y^Aalfs|19330212|F|3214 E Pyon Lane^San Lorenzo^PR^00754^PR|412-869-2562|412-451-9758376-14-0268|13215155
datasynthesis|datafacility|20211001131031|Aadrien^Y^Aalgaard|19971028|M|1578 S Myerson Ave^Santa Isabel^PR^00757^PR|413-376-6785|413-451-9758754-70-5579|6453480
datasynthesis|datafacility|20211001131031|Aadrika^Y^Aaliiveli|19970709|F|5166 Trzaska Court^Vieques^PR^00765^PR|414-220-3185|414-451-9758108-61-8136|8839181
datasynthesis|datafacility|20211001131031|Aadrina^Y^Aaliyah|19590222|F|3530 E Larubbio Street^Villalba^PR^00766^PR|415-232-2970|415-451-9758781-37-9341|3730015
datasynthesis|datafacility|20211001131032|Aadrit^Y^Aaliyahnicole|19740218|M|7117 Linconia Walk^Yabucoa^PR^00767^PR|417-958-1256|417-451-9758873-88-2430|47703746
datasynthesis|datafacility|20211001131032|Aadrita^Y^Aaliyahr|19530906|F|0706 N Mcclinton Way^Coamo^PR^00769^PR|419-451-9758|419-451-9758207-94-2889|44713759
datasynthesis|datafacility|20211001131032|Aadrith^Y^Aaliz|20150122|M|9069 Anestino Run^Las Piedras^PR^00771^PR|423-443-7465|423-451-9758169-44-6525|75948610
datasynthesis|datafacility|20211001131032|Aadriti^Y^Aalliya|19661217|F|2658 E Semenec Lane^Loiza^PR^00772^PR|424-976-7901|424-451-9758580-94-5170|2941497
datasynthesis|datafacility|20211001131032|Aadriyanda^Y^Aalona|19610402|F|6245 Kreston Place^Luquillo^PR^00773^PR|425-187-9810|425-451-9758178-05-9533|91704154
datasynthesis|datafacility|20211001131032|Aadron^Y^Aalsburg|19450224|M|4609 W Seide Court^Culebra^PR^00775^PR|430-366-8490|430-451-9758660-33-1962|3302253
datasynthesis|datafacility|20211001131032|Aadronek^Y^Aalsma|19921008|F|8197 Hugens Pike^Juncos^PR^00777^PR|432-272-8037|432-451-9758971-49-7197|7321552
datasynthesis|datafacility|20211001131032|Aadryan^Y^Aalto|19930717|M|6561 Danshawn Place^Gurabo^PR^00778^PR|434-720-2623|434-451-9758481-21-2724|33855010
datasynthesis|datafacility|20211001131032|Aadvi^Y^Aalto-Fischer|19500604|F|0150 N Deluca Way^Coto Laurel^PR^00780^PR|435-569-3939|435-451-9758142-30-5646|93609294
